Vertex :,20,Edge :,36
Vertex Information
0,1,2,3,4,5,6,7,8,9,10,11,12,13,14,15,16,17,18,19,
831 321,202 944,446 802,130 913,594 271,410 652,47 79,251 43,775 182,699 186,172 815,464 442,938 138,728 797,584 928,755 524,290 808,238 502,893 477,573 1000,
Edge Information
1 0 1077.285753470934,0 1 1176.5112053885578,1 2 424.29682609948173,2 3 516.8732409812369,3 4 1369.993707102457,4 5 720.7353451434063,5 6 1243.981050949435,6 7 396.2360895014567,7 8 637.2796878740993,8 9 126.36903889041227,9 10 1119.1893902197753,10 11 723.4839766796201,11 12 613.5703766755705,12 13 939.4773004451117,13 14 249.80894364019187,14 15 752.7699767488228,15 16 834.7822684359703,16 17 536.8912509294832,17 18 800.7925591688683,18 19 893.8297026004371,19 2 400.627279817593,2 10 323.3943143630998,10 19 871.5652151150091,19 3 574.6612074673649,3 4 835.2210352700115,4 1 1523.5448596467338,1 5 441.3649758250398,5 11 273.1933762336919,11 18 535.067788947855,18 17 1008.7822489376716,17 8 1166.8239662115568,8 15 536.9878919885765,15 13 376.81620202381737,13 18 604.4454866644573,18 14 668.4524439795813,14 13 201.43514633736285,
start Vertex :,1, end Vertex :,10