Vertex :,5,Edge :,9
Vertex Information
667,138
144,818
858,738
108,943
375,307
Edge Information
0,1,1058.0151472992095
1,2,836.943076923186
2,3,1506.3055009155305
0,3,1181.7723318182163
4,3,723.2275635441888
3,1,178.65190533570532
1,4,768.6781068242442
4,0,549.7214356854677
0,2,770.0187003129063
start Vertex :,2,end Vertex :,0
